{"siteID":"38s5kw","man-icon":"syspics/man-icon.png","man-pic":"syspics/man-icon.png","woman-icon":"syspics/woman-icon.png","woman-pic":"syspics/woman-icon.png","ServerDomain":"localhost/liwa05","DBName":"liwa05","DBUser":"james","DBPswd":"yuhjen", "DBHost":"localhost","host":"liwasite.com","port":"290","maileraddr":"sysmaster@liwasite.com","mailerpswd":"liwana@2825","FromName":"建中38書友社雲系統管理員","sslData":"ssl","maxPixel":"1200","teamName":"建中38書友社","isPublic":"1", "T005_Duration":"7"}
