{"siteID":"7vw7zo","man-icon":"syspics\/man-icon.png","man-pic":"syspics\/man-icon.png","woman-icon":"syspics\/woman-icon.png","woman-pic":"syspics\/woman-icon.png","ServerDomain":"localhost/liwa05","DBPswd":"yuhjen","DBName":"liwa05","DBUser":"james","DBHost":"localhost","host":"liwasite.com","port":"290","maileraddr":"sysmaster@liwasite.com","mailerpswd":"liwana@2825","FromName":"戀愛性別平權讀書會雲系統管理員","sslData":"ssl","maxPixel":"1200","teamName":"戀愛性別平權讀書會","isPublic":0,"T005_Duration":7}