{"siteID":"eyjv91","man-icon":"syspics/man-icon.png","man-pic":"syspics/man-icon.png","woman-icon":"syspics/woman-icon.png","woman-pic":"syspics/woman-icon.png","ServerDomain":"localhost/liwa05","DBName":"liwa05","DBUser":"james","DBPswd":"yuhjen", "DBHost":"localhost","host":"liwasite.com","port":"290","maileraddr":"sysmaster@liwasite.com","mailerpswd":"liwana@2825","FromName":"James老師的雲系統管理員","sslData":"ssl","maxPixel":"1200","teamName":"James老師的","isPublic":"1", "T005_Duration":"7"}