{"DBName":"liwa05","DBPswd":"yuhjen","DBUser":"james","FromName":"Liwasite 系統管理員","ServerDomain":"http:\/\/localhost\/liwa05","T005_Duration":"7","compName":"琦德科技有限公司","dueDate":"","gender":"先生","host":"liwasite.com","maileraddr":"sysmaster@liwasite.com","mailerpswd":"liwana@2825","man-icon":"syspics\/man-icon.png","man-pic":"syspics\/man-icon.png","maxPixel":"1200","mgrGroup":"主管","port":"290","prodID":"liwa0001","siteID":"liwa05","sslData":"ssl","teamName":"琦德科技","userLimit":"10", "isPublic":1,"userName":"林育政","usermail":"liwa0000@gmail.com","woman-icon":"syspics\/woman-icon.png","woman-pic":"syspics\/woman-icon.png"}