{"siteID":"liwa05","man-icon":"syspics\/man-icon.png","man-pic":"syspics\/man-icon.png","woman-icon":"syspics\/woman-icon.png","woman-pic":"syspics\/woman-icon.png","ServerDomain":"localhost\/liwa05","DBName":"liwa00","DBUser":"james","DBPswd":"yuhjen","DBHost":"db","host":"liwasite.com","port":"290","maileraddr":"sysmaster@liwasite.com","mailerpswd":"liwana@2825","FromName":"琦德科技雲系統管理員","sslData":"ssl","maxPixel":"1200","teamName":"琦德科技","isPublic":1,"T005_Duration":"7", "initDate":"2019/01/01", "imgsvr":"http://172.18.2.6", "apisvr":"http://172.18.2.5"}
