{"M002_setTop01":"無法設定新的最高管理者;","M002_setTop02":"無法變更舊的最高管理者;","M002_edit01":"事件權限無法修改;","M002_edit02":"個人事件無法刪除;","M002_edit03":"使用者自訂模組無法刪除;","M002_edit04":"個人事件類別無法刪除;","M002_edit06":"無法變更使用者(@@);","M002_edit07":"無法刪除使用者(@@);","M002_edit05":"會員(@@)已離開本系統!","M003_del003D101":"無法刪除使用者群組的模組權限項目;","M003_del003D201":"無法刪除使用者群組資料夾權限項目;","M003_edit01":"003_D1的群組名稱無法變更;","M003_edit02":"003_D2的群組名稱無法變更;","M003_edit03":"003_D1的群組無法刪除;","M003_edit04":"003_D2的群組無法刪除;","M003_edit05":"無法新增使用者群組;","M003_edit06":"無法變更使用者群組;","M003_edit07":"無法刪除使用者群組;","M003_save003D101":"無法新增使用者群組的模組權限項目;","M003_save003D102":"無法變更使用者群組的模組權限項目;","M003_haveUGNameChx01":"群組已存在!","M003_save003D201":"無法新增使用者群組的資料夾權限項目;","M003_save003D202":"無法變更使用者群組的資料夾權限項目;","M004_edit01":"無法變更雲系統設定;","M004_fileUpload301":"無法變更使用者圖檔;","M005_edit01":"無法新增公告;","M005_edit02":"無法變更公告;","M005_edit03":"無法刪除公告;","M006_edit01":"公用","M006_edit02":"無法新增事件類別;","M006_edit03":"無法變更事件類別;","M006_edit04":"無法刪除事件類別;","M007_D3edit01":"無法變更討論版版主;","M007_edit01":"無法變更008_M的討論區群組名;","M007_edit02":"無法刪除008_D1的資料;","M007_edit03":"無法刪除008_M的資料;","M007_edit04":"無法新增討論版;","M007_edit05":"無法變更討論版;","M007_edit06":"無法刪除討論版;","M008_edit01":"討論區留言無法新增;","M008_edit02":"討論區回覆留言無法新增;","M008_edit03":"討論區留言無法刪除;","M008_edit04":"無法新增討論區主題;","M008_edit05":"無法變更討論區主題;","M008_edit06":"無法刪除討論區主題;","M099_mysqldump01":"無法變更雲系統的已用空間;","M099_mysqldump02":"無法匯出SQL檔;","M099_mysqldump03":"備份檔案(@@)已存在;","MA00_haveInviteLink01":"無法刪除逾期邀請碼;","MA00_haveInviteLink02":"無法新增邀請碼;","MA00_haveInviteCode01":"無法刪除逾期的邀請碼;","MA00_haveInviteCode02":"無法變更雲系統的QRcode;","MA00_haveSysInit01":"會員(@@) 已登入;","MA00_haveSysInit02":"報告","MA00_haveSysInit03":"上傳","MA00_haveSysInit04":"雲系統已建立;","MA00_haveSysInit05":"雲系統啟動失敗;", "MA00_haveSysInit06":"2121/02/01","MA00_sendInvite01":"無法新增邀請碼;","MA00_sendInvite02":"雲系統邀請函","MA00_sendInvite04":"本連結的有效期限為：@@。請於有效期限內加入。若逾期，本連結將自動失效。","MA00_sendInvite03":"您已獲邀加入@@雲系統, 請直接點擊以下連結:","MA00_sendInvite05":"此為系統自動發送信件, 請勿直接回復本信。","MA03_havePublicApps01":"線上手冊","MA03_havePublicApps02":"表單庫","MA04_checkMail01":"該Email已被使用;","MA04_checkPswd01":"舊密碼輸入錯誤;","MA04_edit01":"無法變更002_M的記錄;","MA04_edit02":"個人事件類別(@@)無法設定;","MA04_edit03":"無法變更討論區版主名稱;","MA04_edit04":"無法變更討論區建立者名稱;","MA04_edit05":"無法變更討論區建立者名稱;","MA04_edit06":"資料夾所有者無法變更;","MA04_edit07":"資料夾所有者無法變更;","MA04_edit08":"聯天室使用者名無法變更;","MA04_edit09":"使用者明細無法變更;","MA04_edit10":"使用者明細無法變更;","MA04_edit11":"使用者資料無法變更;","MA04_fileUpload301":"無法變更使用者圖檔;","MA04_fileUpload302":"聊天室頭像無法更新;","MA04_quitSys01":"個人事件無法刪除;","MA04_quitSys02":"使用者自訂模組無法刪除;","MA04_quitSys03":"使用者自訂模組無法刪除;","MA04_quitSys04":"個人事件類別無法刪除;","MA04_quitSys05":"會員(@@)已退出本系統!","MA04_quitSys06":"會員離開之公告無法新增;","MA04_quitSys07":"無法刪除使用者群組;","MA04_setPswd01":"舊密碼不符, 請重新輸入!","MA04_setPswd02":"無法更新使用者密碼;","MA05_edit01":"無法變更A05_D1的album欄位;","MA05_edit02":"無法變更 A02_M的欄位;","MA05_edit03":"無法變更tagdetail的欄位;","MA05_edit04":"無法變更檔案的path欄;","MA05_edit05":"無法變更A05_D1的onDel欄位;","MA05_edit06":"無法變更tagdetail的onDel欄位;","MA05_edit07":"無法變更A02_M 的onDel欄位;","MA05_edit08":"無法刪除文件中心內的檔案記錄;","MA05_edit09":"無法刪除Tag明細;","MA05_edit10":"無法刪除所屬檔案;","MA05_edit11":"無法變更雲系統的已用空間;","MA05_edit12":"無法變更A05_D1的onDel欄位;","MA05_edit13":"無法變更tagdetail的onDel欄位;","MA05_edit14":"無法變更A02_M 的onDel欄位;","MA05_edit15":"無法變更A02_M的欄位;","MA05_edit16":"無法變更 tagdetail的欄位;","MA05_edit17":"無法變更tagdetail的onDel欄位;","MA05_edit18":"無法變更A02_M 的onDel欄位;","MA05_edit19":"圖片","MA05_edit20":"無法刪除文件總表記錄;","MA05_edit21":"無法刪除tagdetail的記錄;","MA05_edit22":"無法變更雲系統的已用空間;","MA05_edit23":"無法變更tagdetail的onDel欄位;","MA05_edit24":"無法變更A02_M 的onDel欄位;","MA05_edit25":"無法新增相簿;","MA05_edit26":"無法變更相簿名稱;","MA05_edit27":"無法刪除相簿;","MA05_edit28":"無法清掉相簿;","MA05_edit29":"無法回復相簿;","MA05_edit30":"無法變更圖片名稱;","MA05_edit31":"無法刪除圖檔;","MA05_edit32":"無法清掉圖片;","MA05_edit33":"無法回復圖片;","MA05_fileUpload301":"無法寫入文件中心;","MA05_fileUpload302":"無法變更雲系統的已用空間;","MA05_fileUpload303":"無法新增圖檔;","MA05_haveAlbNameCheck01":"無所選相簿.","MA05_shareMail01":"圖片","MA05_shareMail02":"分享一張圖片。檔名:@@","MA05_shareMail03":"分享一個相簿。相簿名稱:@@","MA05_shareMail04":"存放位置為 ","MA05_shareMail05":"分享檔案之公告無法新增;","MA05_shareMail06":"分享","MA05_shareMail07":"您好,","MA05_shareMail08":"的","MA05_shareMail09":"已","MA05_shareMail11":"此為系統自動發送信件, 請勿直接回復本信。","MA06_edit01":"無法變更子資料夾的path資料;","MA06_edit02":"無法變更A06_D1的path欄位;","MA06_edit03":"無法變更 A02_M的欄位;","MA06_edit04":"無法變更tagdetail的欄位;","MA06_edit05":"無法變更所屬子資料夾的path欄;","MA06_edit06":"無法變更A06_M 子資料夾的onDel欄位;","MA06_edit07":"無法變更A06_M子資料夾的onDelPath欄位;","MA06_edit08":"無法變更檔案的path欄;","MA06_edit09":"無法變更A06_D1的onDel欄位;","MA06_edit10":"無法變更A06_D1中檔案的onDelPath欄位;","MA06_edit11":"無法變更tagdetail的onDel欄位;","MA06_edit12":"無法變更A02_M 的onDel欄位;","MA06_edit13":"檔案","MA06_edit14":"無法刪除文件中心內的檔案記錄;","MA06_edit15":"無法刪除Tag明細;","MA06_edit16":"無法刪除所屬檔案;","MA06_edit17":"無法刪除資料夾權限;","MA06_edit18":"無法刪除所屬子資料夾;","MA06_edit19":"無法變更雲系統的已用空間;","MA06_edit20":"無法變更A06_M 子資料夾的onDel欄位;","MA06_edit21":"無法變更A06_D1的onDel相關欄位;","MA06_edit22":"無法變更tagdetail的onDel相關欄位;","MA06_edit23":"無法變更A02_M 的onDel欄位;","MA06_edit24":"無法變更A02_M的欄位;","MA06_edit25":"無法變更 tagdetail的欄位;","MA06_edit26":"無法變更tagdetail的onDel欄位;","MA06_edit27":"無法變更A02_M 的onDel欄位;","MA06_edit28":"檔案","MA06_edit29":"無法刪除文件總表記錄;","MA06_edit30":"無法刪除tagdetail的記錄;","MA06_edit31":"無法變更雲系統的已用空間;","MA06_edit32":"無法變更tagdetail的onDel欄位;","MA06_edit33":"無法變更A02_M 的onDel欄位;","MA06_edit34":"無法新增資料夾;","MA06_edit35":"無法變更資料夾名稱;","MA06_edit36":"無法刪除資料夾;","MA06_edit37":"無法清掉資料夾;","MA06_edit38":"無法回復資料夾;","MA06_edit39":"無法變更檔案名稱;","MA06_edit40":"無法刪除檔案;","MA06_edit41":"無法清掉檔案;","MA06_edit42":"無法回復檔案;","MA06_fileUpload301":"檔案","MA06_fileUpload302":"無法在文件中心新增記錄;","MA06_fileUpload303":"無法變更雲系統的已用空間;","MA06_fileUpload304":"檔案無法上傳;","MA06_haveFolderNameCheck01":"無此資料夾","MA06_setLocked01":"無法變更資料夾的鎖定狀態。","MA06_shareMail01":"檔案","MA06_shareMail02":"分享一個檔案。檔名:","MA06_shareMail03":"分享一個資料夾。資料夾名稱:","MA06_shareMail04":"存放位置為 ","MA06_shareMail05":"分享檔案之公告無法新增;","MA06_shareMail06":"檔案分享","MA06_shareMail07":"您好,","MA06_shareMail08":"的","MA06_shareMail09":"已","MA06_shareMail10":"存放位置為 ","MA06_shareMail11":"此為系統自動發送信件, 請勿直接回復本信。","MA09_edit02":"無法新增事件的參與者(@@);","MA09_edit03":"無法刪除事件的參與者;","MA09_edit04":"無法刪除事件的參與者;","MA09_edit05":"無法新增事件;","MA09_edit06":"無法刪除事件;","MA09_shareMail01":"分享一個活動。","MA09_shareMail02":"活動名稱: ","MA09_shareMail03":"活動時間: ","MA09_shareMail04":"內容: ","MA09_shareMail05":"分享活動之公告無法新增;","MA09_shareMail06":"活動分享","MA09_shareMail07":"您好,","MA09_shareMail08":"的","MA09_shareMail09":"已","MA09_shareMail10":"活動時間: ","MA09_shareMail11":"內容如下:","MA09_shareMail12":"此為系統自動發送信件, 請勿直接回復本信。","MA10_edit01":"無法新增聊天內容;","inviteLine_haveCodeEffect01":"邀請碼已失效!請聯絡雲系統管理員;","inviteLine_haveExistUser01":"使用者未加入該雲系統.","login_reConfirm01":"Liwasite 雲系統使用者帳號驗證","login_reConfirm02":" 您好,","login_reConfirm03":"感謝您註冊 Liwasite雲系統, 請點擊以下連結啟動您的帳號:","login_reConfirm04":"若無法點選連結, 請複製網址至瀏覽器開啟。","login_reConfirm05":"若您沒有申請此帳號, 請來信至","login_reConfirm06":"客服人員將協助您移除本帳號。","login_reConfirm07":"此為系統自動發送信件, 請勿直接回復本信。","login_reConfirm08":";郵件無法發送","login_reConfirm09":"請開啟信箱點擊使用者啟動連結, 再用註冊的帳號密碼登入.","login_reConfirm10":"使用者找不到。","Regis_00201":"免費會員","Regis_00202":"驗證碼錯誤!","Regis_edit01":"成員","Regis_edit02":"使用者資料無法新增;","Regis_edit03":"Liwasite 雲系統使用者新手使用通知","Regis_edit04":" 您好,","Regis_edit05":"您已成功註冊 Liwasite雲系統, 請依下列步驟登入本系統:","Regis_edit06":"1. 點擊系統首頁右上方的「登入」按鈕","Regis_edit07":"2. 在登入頁輸入您的email及密碼, 若所使用的裝置非公用電腦, 請勾選「記住我」","Regis_edit08":"3.按「登入」","Regis_edit09":"4. 您可以開始使用您的雲系統了。","Regis_edit10":"此為系統自動發送信件, 請勿直接回復本信。","Regis_edit11":"請開啟信箱閱讀新手使用須知, 再依步驟登入.","Regis_haveRamPswd01":"使用者密碼無法設定;","Regis_haveRamPswd02":"Liwasite 雲系統使用者帳號驗證","Regis_haveRamPswd03":" 您好,","Regis_haveRamPswd04":"感謝您註冊 Liwasite雲系統, 您的預設密碼如下:","Regis_haveRamPswd05":"您的新密碼如下:","Regis_haveRamPswd06":"如果您要變更密碼, 可以在「關於我」直接進行變更。","Regis_haveRamPswd07":"此為系統自動發送信件, 請勿直接回復本信。","Regis_haveRamPswd08":"註冊成功, 但密碼發送錯誤, 請聯絡系統管理員;","sys_addusers01":"使用者已存在;","sys_addusers02":"使用者(@@)無法加入雲系統(","sys_addusers03":"使用者(@@)明細無法加入雲系統(","sys_addusers04":"表單庫","sys_addusers05":"關於我","sys_addusers06":"檔案雲","sys_addusers07":"使用者自訂模組無法新增;","sys_addusers08":"歡迎新成員(@@)加入!","sys_addusers09":"歡迎新成員(@@)加入!","sys_addusers10":"新會員加入公告無法新增;","sys_addusers11":"個人","sys_addusers12":"使用者個人事件類別無法新增;","sys_addusers13":"該使用者未找到;","sys_FBRegis01":"使用者資料無法新增;","sys_FBRegis02":"基本型","sys_FBRegis04":"免費系統無法新增;","sys_FBRegis03":"系統","sys_haveFBMail01":"使用者資料無法新增;","sys_login01":"無法設定使用者登入時間;","sys_login02":"會員(@@) 已登入;","sys_login03":"@@ 已登入;","sys_logout01":"無法設定使用者登出時間;","sys_logout02":"會員(@@) 已登出;","sys_logout03":"@@ 已登出;","sys_setDoccenter01":"無法新增文件中心記錄;","sys_setDoccenter02":"無法變更文件中心記錄;","sys_setDoccenter03":"無法刪除文件中心記錄;","sys_setFiling01":"無法將文件(@@)歸檔;","sys_tagDoccenter01":"無法更新文件中心的tag欄;","sys_tagPost01":"公用Tag無法新增或已存在;","sys_tagPost02":"無法新增tag;","util_DB01":"公告無法新增;","util_DB02":"無法變更A02_M的tags 欄位;","util_DB03":"無法刪除Tag明細;","util_DB04":"無法新增 Tag;","W01_edit01":"無法新增程式模組;","W01_edit02":"無法變更程式模組;","W01_edit03":"無法刪除程式模組;","W01L_edit01":"無法新增001_M的資料;","W01L_edit02":"無法刪除003_D1的資料;","W01L_edit03":"無法刪除001_M的資料;","W01L_edit04":"無法新增001_M的資料;","W01L_edit05":"無法刪除003_D1的資料;","W01L_edit06":"無法刪除001_M的資料;","W01L_edit07":"無法新增程式模組;","W01L_edit08":"無法變更程式模組;","W01L_edit09":"無法刪除程式模組;","sys_InitProcess01":"超級管理員","sys_InitProcess02":"系統","sys_InitProcess03":"系統管理員","sys_InitProcess04":"W02_M使用者資料無法新增;","sys_InitProcess05":"系統","sys_InitProcess06":"ERP系統","sys_InitProcess07":"W02_D2記錄無法新增;","sys_InitProcess08":"文件中心","sys_InitProcess09":"行事曆","sys_InitProcess10":"關於我","sys_InitProcess11":"表單庫","sys_InitProcess12":"相簿雲","sys_InitProcess13":"檔案雲","sys_InitProcess14":"線上手冊","sys_InitProcess15":"聊天室","sys_InitProcess16":"000_D1新增失敗;","sys_InitProcess17":"001_M新增失敗;","sys_InitProcess18":"002_M新增失敗;","sys_InitProcess19":"002_D1新增失敗;","sys_InitProcess20":"表單庫","sys_InitProcess21":"關於我","sys_InitProcess22":"檔案雲","sys_InitProcess23":"002_D2新增失敗;","sys_InitProcess24":"003_M新增失敗;","sys_InitProcess26":"使用者群組","sys_InitProcess27":"系統設定","sys_InitProcess28":"公告","sys_InitProcess29":"討論區","sys_InitProcess30":"管理者工具","sys_InitProcess31":"003_D1新增失敗;","sys_InitProcess32":"系統規範及使用者守則","sys_InitProcess33":"1. 使用者請妥善保護好個人的帳號及密碼, 以防個人資料外洩。","sys_InitProcess34":"2. 為維護使用者和諧, 超級管理員有權刪除使用者所發表的不當文字或圖片","sys_InitProcess35":"3. 我們歡迎所有建議, 請於討論區的系統管理版留言","sys_InitProcess36":"004_M新增失敗;","sys_InitProcess37":"已於 @@","sys_InitProcess38":" 建立@@雲系統","sys_InitProcess39":"005_M新增失敗;","sys_InitProcess40":"個人","sys_InitProcess41":"公用","sys_InitProcess42":"公用事件","sys_InitProcess43":"006_M新增失敗;","sys_InitProcess44":"進貨","sys_InitProcess45":"出貨","sys_InitProcess46":"無法新增006_D1的記錄;","sys_InitProcess47":"系統管理","sys_InitProcess48":"007_M新增失敗;","sys_InitProcess49":"系統","sys_InitProcess50":"上傳","sys_InitProcess51":"報告","sys_InitProcess52":"A06_M新增失敗;","sys_InitProcess53":"無法新增A07_M記錄;","sys_InitProcess25":"使用者","MA05_shareMail10":"存放的相簿為 ","sys_InitProcess54":"無法新增003_D2的記錄;","M005_shareMail01":"公告","M005_shareMail02":"您好","M005_shareMail03":"的","M005_shareMail05":"此為系統自動發送信件, 請勿直接回復本信。","M005_shareMail04":"已發送公告, 內容如下:"}