{"siteID":"tccvxu","man-icon":"syspics\/man-icon.png","man-pic":"syspics\/man-icon.png","woman-icon":"syspics\/woman-icon.png","woman-pic":"syspics\/woman-icon.png","ServerDomain":"localhost","DBPswd":"yuhjen","DBName":"liwa05","DBUser":"james","DBHost":"localhost","host":"liwasite.com","port":"290","maileraddr":"sysmaster@liwasite.com","mailerpswd":"liwana@2825","FromName":"中學生網站雲系統管理員","sslData":"ssl","maxPixel":"1200","teamName":"中學生網站","isPublic":1,"T005_Duration":7}